<?xml version="1.0" encoding="UTF-8" standalone="yes"?>
<addon id="repository.streamon" name="private Repo XStreamOn" version="1.0.0" provider-name="XStreamOn">
	<extension point="xbmc.addon.repository" name="XStreamOn">
		<info compressed="true">https://raw.githubusercontent.com/xstreamon/repository.streamon/master/addons.xml</info>
		<checksum>https://raw.githubusercontent.com/xstreamon/repository.streamon/master/addons.xml.md5</checksum>
		<datadir zip="true">https://raw.githubusercontent.com/xstreamon/repository.streamon/master/addons/</datadir>
	</extension>
	<extension point="xbmc.addon.metadata">
		<summary>private changes of some addons should not missed</summary>
		<description>private changes of some addons should not missed</description>
		<disclaimer></disclaimer>
		<platform>all</platform>
	</extension>
</addon>